{
  "fsamp": 1024,
  "Twindow": 0.125,
  "frameLength": 128,
  "numFrames": 4,
  "avgSlice": [
    0.0002430142628904895,
    0.00017209347631709846,
    0.00012622731604262281,
    0.00009525215997731583,
    0.00007358003538101014,
    0.000057963449744686914,
    0.00004642645191727718,
    0.00003771939470605821
  ],
  "singleSlice": [
    0.07170614980970297,
    0.052598378433042096,
    0.04072057850305952,
    0.03269917114909404,
    0.02696602055856951,
    0.022695136215091193,
    0.019411235215949195,
    0.016822176128631385
  ]
}